{
  "DLinear": {
    "accuracy": 0.8781512605042017,
    "precision": 0.38487394957983195,
    "recall": 0.38945578231292516,
    "f1_score": 0.3871513102282333,
    "auc": 0.7111536334041263,
    "threshold": 0.5234019659045261,
    "training_time": 1.7258632183074951,
    "detection_time": 0.036222219467163086,
    "status": "success"
  },
  "DeepAR": {
    "accuracy": 0.8845378151260505,
    "precision": 0.41680672268907565,
    "recall": 0.4217687074829932,
    "f1_score": 0.41927303465765003,
    "auc": 0.7370044810165768,
    "threshold": 0.24330168200075106,
    "training_time": 0.873537540435791,
    "detection_time": 0.0539703369140625,
    "status": "success"
  },
  "LSTNet": {
    "accuracy": 0.8815126050420168,
    "precision": 0.4016806722689076,
    "recall": 0.4064625850340136,
    "f1_score": 0.4040574809805579,
    "auc": 0.7172401784287008,
    "threshold": 0.15189283697681627,
    "training_time": 4.235211372375488,
    "detection_time": 0.05790090560913086,
    "status": "success"
  },
  "Autoformer": {
    "accuracy": 0.8707563025210084,
    "precision": 0.34789915966386553,
    "recall": 0.3520408163265306,
    "f1_score": 0.3499577345731192,
    "auc": 0.6860421154661044,
    "threshold": 2.0947870449253503,
    "training_time": 4.9887449741363525,
    "detection_time": 0.4835488796234131,
    "status": "success"
  },
  "FEDformer": {
    "accuracy": 0.886218487394958,
    "precision": 0.42521008403361343,
    "recall": 0.4302721088435374,
    "f1_score": 0.42772612003381233,
    "auc": 0.7309556795489549,
    "threshold": 0.4889475328006741,
    "training_time": 63.207064151763916,
    "detection_time": 1.544241189956665,
    "status": "success"
  },
  "Informer": {
    "accuracy": 0.9073949579831933,
    "precision": 0.5310924369747899,
    "recall": 0.5374149659863946,
    "f1_score": 0.5342349957734573,
    "auc": 0.7972013311105867,
    "threshold": 0.47798903523307174,
    "training_time": 3.478243589401245,
    "detection_time": 0.29607534408569336,
    "status": "success"
  }
}